title,rating_perc,available_date,img_path
The Emoji Story (Picture Character), 91,2020-12-22,data/img/poster-1.jpg
Yellow Rose, 86,2021-01-05,data/img/poster-2.jpg
Soul, 96,2020-12-25,data/img/poster-3.jpg
Sing Me A Song, 88,2021-01-01,data/img/poster-4.jpg
Pieces Of A Woman, 77,2021-01-07,data/img/poster-5.jpg
I'M Your Woman, 81,2020-12-11,data/img/poster-6.jpg
Lupin III: The First, 94,2020-12-15,data/img/poster-7.jpg
Sylvie'S Love, 92,2020-12-23,data/img/poster-8.jpg
Beasts Clawing At Straws, 96,2020-12-15,data/img/poster-9.jpg
Shadow In The Cloud, 76,2021-01-01,data/img/poster-10.jpg
I Am Lisa, 91,2021-01-05,data/img/poster-11.jpg
Shortcut, 58,2020-12-22,data/img/poster-12.jpg
The Midnight Sky, 51,2020-12-23,data/img/poster-13.jpg
Ma Rainey'S Black Bottom, 98,2020-12-18,data/img/poster-14.jpg
Archenemy, 71,2020-12-11,data/img/poster-15.jpg
Skylines, 52,2020-12-18,data/img/poster-16.jpg
Hunter Hunter, 93,2020-12-18,data/img/poster-17.jpg
The Prom, 57,2020-12-11,data/img/poster-18.jpg
Wild Mountain Thyme, 27,2020-12-11,data/img/poster-19.jpg
The Stand In, 29,2020-12-11,data/img/poster-20.jpg
Sister Of The Groom, 47,2020-12-18,data/img/poster-21.jpg
Max Cloud, 50,2020-12-18,data/img/poster-22.jpg
Breach, 20,2020-12-18,data/img/poster-23.jpg
Ip Man: Kung Fu Master, 44,2020-12-11,data/img/poster-24.jpg
We Can Be Heroes, 71,2021-01-01,data/img/poster-25.jpg
Redemption Day, 6,2021-01-12,data/img/poster-26.jpg
Yearly Departed, 80,2020-12-30,data/img/poster-27.jpg
Modern Persuasion, 50,2020-12-18,data/img/poster-28.jpg
The One You Feed, 40,2020-12-29,data/img/poster-29.jpg
Stars Fell On Alabama, 56,2021-01-08,data/img/poster-30.jpg
"If Not Now, When?", 43,2021-01-08,data/img/poster-31.jpg
"Ariana Grande: Excuse Me, I Love You", 50,2020-12-21,data/img/poster-32.jpg
Princess Of The Row, 88,2020-11-27,data/img/poster-33.jpg
Hearts And Bones, 81,2020-11-20,data/img/poster-34.jpg
Collective (Colectiv), 99,2020-11-20,data/img/poster-35.jpg
The Giant, 50,2020-11-13,data/img/poster-36.jpg
Iron Mask, 21,2020-11-20,data/img/poster-37.jpg
18 To Party, 57,2020-12-01,data/img/poster-38.jpg
The Nest, 88,2020-11-17,data/img/poster-39.jpg
Beast Mode, 57,2020-12-01,data/img/poster-40.jpg
Train To Busan Presents: Peninsula, 53,2020-11-24,data/img/poster-41.jpg
Lie Exposed, 0,2020-11-20,data/img/poster-42.jpg
The Donut King, 97,2020-11-20,data/img/poster-43.jpg
Stardust, 17,2020-11-25,data/img/poster-44.jpg
Survival Skills, 85,2020-12-04,data/img/poster-45.jpg
The Walrus And The Whistleblower, 40,2020-11-24,data/img/poster-46.jpg
Ammonite, 67,2020-12-04,data/img/poster-47.jpg
Run, 90,2020-11-20,data/img/poster-48.jpg
A Chef'S Voyage, 67,2020-11-24,data/img/poster-49.jpg
Chick Fight, 36,2020-11-13,data/img/poster-50.jpg
Echo Boomers, 38,2020-11-13,data/img/poster-51.jpg
Embattled, 68,2020-11-20,data/img/poster-52.jpg
Team Marco, 63,2020-11-20,data/img/poster-53.jpg
Fatman, 46,2020-11-24,data/img/poster-54.jpg
Jiu Jitsu, 30,2020-11-20,data/img/poster-55.jpg
"Love, Weddings & Other Disasters", 4,2020-12-04,data/img/poster-56.jpg
What Lies Below, 50,2020-12-04,data/img/poster-57.jpg
The Orange Years: The Nickelodeon Story, 86,2020-11-17,data/img/poster-58.jpg
Dear Santa, 92,2020-12-04,data/img/poster-59.jpg
I Hate New Year'S, 60,2020-12-04,data/img/poster-60.jpg
King Of Knives, 75,2020-12-01,data/img/poster-61.jpg
Elyse, 50,2020-12-04,data/img/poster-62.jpg
The Mystery Of The Pink Flamingo, 100,2020-12-01,data/img/poster-63.jpg
Truth Is The Only Client: The Official Investigation Of The Murder Of John F. Kennedy, 100,2020-11-17,data/img/poster-64.jpg
That Good Night, 52,2020-11-03,data/img/poster-65.jpg
Ryuichi Sakamoto: Coda, 98,2020-11-03,data/img/poster-66.jpg
Wolfman'S Got Nards, 100,2020-10-27,data/img/poster-67.jpg
The Informer, 62,2020-11-06,data/img/poster-68.jpg
Creem: America'S Only Rock 'N' Roll Magazine, 96,2020-11-10,data/img/poster-69.jpg
Honey Bee, 100,2020-11-10,data/img/poster-70.jpg
The Place Of No Words, 69,2020-10-23,data/img/poster-71.jpg
Nomad: In The Footsteps Of Bruce Chatwin, 92,2020-10-27,data/img/poster-72.jpg
Terra Willy: Unexplored Planet (Astro Kid), 100,2020-10-27,data/img/poster-73.jpg
The True Adventures Of Wolfboy, 78,2020-10-30,data/img/poster-74.jpg
The Shock Of The Future (Le Choc Du Futur), 79,2020-11-10,data/img/poster-75.jpg
A Rainy Day In New York, 46,2020-11-10,data/img/poster-76.jpg
Jungleland, 74,2020-11-10,data/img/poster-77.jpg
The Craft: Legacy, 47,2020-10-28,data/img/poster-78.jpg
Spell, 47,2020-10-30,data/img/poster-79.jpg
Dating Amber, 96,2020-11-10,data/img/poster-80.jpg
Represent, 100,2020-11-03,data/img/poster-81.jpg
Mortal (Torden), 53,2020-11-06,data/img/poster-82.jpg
Kindred, 69,2020-11-06,data/img/poster-83.jpg
Major Arcana, 88,2020-11-06,data/img/poster-84.jpg
The Dark And The Wicked, 90,2020-11-06,data/img/poster-85.jpg
Triggered, 48,2020-11-06,data/img/poster-86.jpg
The Dark Divide, 92,2020-11-10,data/img/poster-87.jpg
"Harry Chapin: When In Doubt, Do Something", 100,2020-10-30,data/img/poster-88.jpg
Where She Lies, 100,2020-11-10,data/img/poster-89.jpg
One Man And His Shoes, 77,2020-10-26,data/img/poster-90.jpg
My Summer As A Goth, 20,2020-11-11,data/img/poster-91.jpg
Sleepless Beauty, 40,2020-11-10,data/img/poster-92.jpg
Greatland, 40,2020-11-01,data/img/poster-93.jpg
Cup Of Cheer, 64,2020-11-05,data/img/poster-94.jpg
They Reach, 43,2020-11-03,data/img/poster-95.jpg
Love In Dangerous Times, 80,2020-11-03,data/img/poster-96.jpg
The Sounding, 69,2020-10-20,data/img/poster-97.jpg
The More You Ignore Me, 78,2020-10-13,data/img/poster-98.jpg
The Devil Has A Name, 33,2020-10-16,data/img/poster-99.jpg
J.R. 'Bob' Dobbs & The Church Of The SubGenius, 100,2020-10-20,data/img/poster-100.jpg
Ms. White Light, 57,2020-10-06,data/img/poster-101.jpg
The Wall Of Mexico, 70,2020-10-13,data/img/poster-102.jpg
Sibyl, 56,2020-10-13,data/img/poster-103.jpg
Bullets Of Justice, 57,2020-10-15,data/img/poster-104.jpg
The Antenna (Bina), 55,2020-10-20,data/img/poster-105.jpg
Aggie, 75,2020-10-09,data/img/poster-106.jpg
Love And Monsters, 92,2020-10-16,data/img/poster-107.jpg
Shithouse, 96,2020-10-16,data/img/poster-108.jpg
Tapeworm, 86,2020-10-13,data/img/poster-109.jpg
After We Collided, 14,2020-10-23,data/img/poster-110.jpg
Broil, 40,2020-10-13,data/img/poster-111.jpg
Over The Moon, 81,2020-10-23,data/img/poster-112.jpg
White Noise, 86,2020-10-21,data/img/poster-113.jpg
The Secrets We Keep, 64,2020-10-16,data/img/poster-114.jpg
From The Vine, 81,2020-10-09,data/img/poster-115.jpg
Alone, 40,2020-10-16,data/img/poster-116.jpg
The Doorman, 16,2020-10-09,data/img/poster-117.jpg
The Opening Act, 86,2020-10-16,data/img/poster-118.jpg
Friendsgiving, 20,2020-10-23,data/img/poster-119.jpg
Tar, 25,2020-10-20,data/img/poster-120.jpg
Totally Under Control, 99,2020-10-13,data/img/poster-121.jpg
The Wolf Of Snow Hollow, 89,2020-10-09,data/img/poster-122.jpg
Don'T Look Back, 61,2020-10-16,data/img/poster-123.jpg
The Disrupted, 100,2020-10-13,data/img/poster-124.jpg
Chop Chop, 17,2020-10-20,data/img/poster-125.jpg
Rom Boys: 40 Years Of Rad, 100,2020-10-13,data/img/poster-126.jpg
Tremors: Shrieker Island, 38,2020-10-20,data/img/poster-127.jpg
Batman: Death In The Family, 71,2020-10-13,data/img/poster-128.jpg
Buddies, 100,2020-09-29,data/img/poster-129.jpg
Eternal Beauty, 78,2020-10-02,data/img/poster-130.jpg
"Red, White & Wasted", 79,2020-09-22,data/img/poster-131.jpg
H Is For Happiness, 76,2020-09-18,data/img/poster-132.jpg
Halloween Party, 60,2020-10-02,data/img/poster-133.jpg
The Swerve, 98,2020-09-22,data/img/poster-134.jpg
The Glorias, 68,2020-09-30,data/img/poster-135.jpg
Scare Me, 83,2020-10-01,data/img/poster-136.jpg
Save Yourselves!, 88,2020-10-06,data/img/poster-137.jpg
She'S In Portland, 67,2020-09-25,data/img/poster-138.jpg
A Call To Spy, 73,2020-10-02,data/img/poster-139.jpg
All Roads To Pearla (Sleeping In Plastic), 60,2020-09-25,data/img/poster-140.jpg
The Artist'S Wife, 68,2020-09-25,data/img/poster-141.jpg
Misbehaviour, 85,2020-09-25,data/img/poster-142.jpg
12 Hour Shift, 77,2020-10-02,data/img/poster-143.jpg
The Ringmaster, 92,2020-10-06,data/img/poster-144.jpg
Jimmy Carter: Rock & Roll President, 94,2020-10-02,data/img/poster-145.jpg
Ottolenghi And The Cakes Of Versailles, 71,2020-09-25,data/img/poster-146.jpg
Sno Babies, 25,2020-09-29,data/img/poster-147.jpg
Death Of Me, 32,2020-10-02,data/img/poster-148.jpg
The Curse Of Audrey Earnshaw, 76,2020-10-06,data/img/poster-149.jpg
Stuntwomen: The Untold Hollywood Story, 100,2020-09-20,data/img/poster-150.jpg
Spontaneous, 98,2020-10-06,data/img/poster-151.jpg
Hosts, 82,2020-10-02,data/img/poster-152.jpg
Resisterhood, 100,2020-09-22,data/img/poster-153.jpg
LX 2048, 43,2020-09-25,data/img/poster-154.jpg
Then Came You, 50,2020-10-02,data/img/poster-155.jpg
2067, 31,2020-10-02,data/img/poster-156.jpg
The Devil To Pay, 100,2020-10-06,data/img/poster-157.jpg
The Phenomenon, 88,2020-10-06,data/img/poster-158.jpg
Let'S Scare Julie, 40,2020-10-02,data/img/poster-159.jpg
Herb Alpert Is..., 82,2020-10-01,data/img/poster-160.jpg
Lost Girls & Love Hotels, 48,2020-09-18,data/img/poster-161.jpg
Buoyancy, 97,2020-09-11,data/img/poster-162.jpg
The Garden Left Behind, 92,2020-09-08,data/img/poster-163.jpg
Heimat Is A Space In Time (Heimat Ist Ein Raum Aus Zeit), 100,2020-09-08,data/img/poster-164.jpg
Measure For Measure, 36,2020-09-04,data/img/poster-165.jpg
I Am Woman, 67,2020-09-11,data/img/poster-166.jpg
House Of Cardin, 92,2020-09-15,data/img/poster-167.jpg
Entwined, 65,2020-09-08,data/img/poster-168.jpg
Nail In The Coffin: The Fall And Rise Of Vampiro, 100,2020-09-08,data/img/poster-169.jpg
Luz: The Flower Of Evil, 100,2020-09-15,data/img/poster-170.jpg
Alive, 78,2020-09-18,data/img/poster-171.jpg
Antebellum, 28,2020-09-18,data/img/poster-172.jpg
Feels Good Man, 96,2020-09-04,data/img/poster-173.jpg
Toss It, 71,2020-09-17,data/img/poster-174.jpg
The Racer, 82,2020-09-18,data/img/poster-175.jpg
Critical Thinking, 94,2020-09-04,data/img/poster-176.jpg
Teenage Badass, 67,2020-09-18,data/img/poster-177.jpg
Rent-A-Pal, 68,2020-09-11,data/img/poster-178.jpg
Red Shoes And The Seven Dwarfs, 40,2020-09-18,data/img/poster-179.jpg
I'Ve Got Issues, 67,2020-09-15,data/img/poster-180.jpg
The Argument, 72,2020-09-04,data/img/poster-181.jpg
Up On The Glass, 50,2020-09-08,data/img/poster-182.jpg
DTF, 67,2020-09-15,data/img/poster-183.jpg
Range Runners, 20,2020-09-08,data/img/poster-184.jpg
No Escape (Follow Me), 20,2020-09-18,data/img/poster-185.jpg
All In: The Fight For Democracy, 100,2020-09-18,data/img/poster-186.jpg
Cats & Dogs 3: Paws Unite!, 11,2020-09-15,data/img/poster-187.jpg
Murder In The Woods, 82,2020-09-18,data/img/poster-188.jpg
First One In, 100,2020-09-08,data/img/poster-189.jpg
Summerland, 88,2020-09-14,data/img/poster-190.jpg
American Street Kid, 86,2020-08-21,data/img/poster-191.jpg
Ravage, 67,2020-08-21,data/img/poster-192.jpg
Bill & Ted Face The Music, 82,2020-08-28,data/img/poster-193.jpg
Love Express: The Disappearance Of Walerian Borowczyk, 56,2020-08-21,data/img/poster-194.jpg
The Prey, 73,2020-08-25,data/img/poster-195.jpg
Benjamin, 89,2020-08-25,data/img/poster-196.jpg
I Hate New York, 100,2020-09-01,data/img/poster-197.jpg
Children Of The Sea (KaijÛ No Kodomo), 61,2020-09-01,data/img/poster-198.jpg
Desert One, 90,2020-08-21,data/img/poster-199.jpg
Watch List, 100,2020-09-01,data/img/poster-200.jpg
Matthias & Maxime, 66,2020-08-28,data/img/poster-201.jpg
"Bloody Nose, Empty Pockets", 92,2020-09-01,data/img/poster-202.jpg
The Mole Agent, 94,2020-09-01,data/img/poster-203.jpg
Fatima, 62,2020-08-28,data/img/poster-204.jpg
Followed, 71,2020-09-01,data/img/poster-205.jpg
The 24th, 78,2020-08-21,data/img/poster-206.jpg
You Cannot Kill David Arquette, 83,2020-08-28,data/img/poster-207.jpg
The Surrogate, 92,2020-09-01,data/img/poster-208.jpg
Centigrade, 41,2020-08-28,data/img/poster-209.jpg
One Night In Bangkok, 33,2020-08-25,data/img/poster-210.jpg
Tom Of Your Life, 67,2020-09-01,data/img/poster-211.jpg
Rogue, 67,2020-08-28,data/img/poster-212.jpg
Hard Kill, 0,2020-08-25,data/img/poster-213.jpg
Guest House, 0,2020-09-04,data/img/poster-214.jpg
Driven To Abstraction, 67,2020-08-28,data/img/poster-215.jpg
The Owners, 65,2020-09-04,data/img/poster-216.jpg
Still Here, 29,2020-09-04,data/img/poster-217.jpg
The Blech Effect, 60,2020-08-25,data/img/poster-218.jpg
Robin'S Wish, 89,2020-09-01,data/img/poster-219.jpg
#Unfit: The Psychology Of Donald Trump, 81,2020-09-01,data/img/poster-220.jpg
Immortal, 88,2020-09-01,data/img/poster-221.jpg
Jazz On A Summer'S Day, 100,2020-08-12,data/img/poster-222.jpg
Carmen & Lola (Carmen Y Lola), 89,2020-08-14,data/img/poster-223.jpg
Open 24 Hours, 40,2020-08-18,data/img/poster-224.jpg
Sometimes Always Never (Triple Word Score), 82,2020-08-18,data/img/poster-225.jpg
Cane River, 100,2020-08-18,data/img/poster-226.jpg
Pariah Dog, 100,2020-08-18,data/img/poster-227.jpg
Fagara (Huajiao Zhiwei), 100,2020-08-08,data/img/poster-228.jpg
Spree, 65,2020-08-14,data/img/poster-229.jpg
Happy Happy Joy Joy: The Ren & Stimpy Story, 81,2020-08-14,data/img/poster-230.jpg
Big Fur, 100,2020-08-11,data/img/poster-231.jpg
Emperor, 71,2020-08-18,data/img/poster-232.jpg
Darkness Falls, 13,2020-08-18,data/img/poster-233.jpg
The Lawyer (Advokatas), 100,2020-08-18,data/img/poster-234.jpg
Martin Margiela: In His Own Words, 78,2020-08-14,data/img/poster-235.jpg
Sputnik, 89,2020-08-14,data/img/poster-236.jpg
Max Reload And The Nether Blasters, 82,2020-08-11,data/img/poster-237.jpg
Endless, 19,2020-08-14,data/img/poster-238.jpg
IRL, 100,2020-08-11,data/img/poster-239.jpg
Uncle Peckerhead, 100,2020-08-11,data/img/poster-240.jpg
The Bay Of Silence, 52,2020-08-14,data/img/poster-241.jpg
Pearl, 57,2020-08-11,data/img/poster-242.jpg
The Honeymoon Phase, 75,2020-08-21,data/img/poster-243.jpg
The Vanished, 15,2020-08-21,data/img/poster-244.jpg
Kat And The Band, 60,2020-08-11,data/img/poster-245.jpg
Monstrous, 60,2020-08-11,data/img/poster-246.jpg
Northwood Pie, 93,2020-08-14,data/img/poster-247.jpg
Pretending I'M A Superman: The Tony Hawk Video Game Story, 100,2020-08-18,data/img/poster-248.jpg
Coronation, 100,2020-08-20,data/img/poster-249.jpg
Cut And Chop, 80,2020-08-14,data/img/poster-250.jpg
Skin: A History Of Nudity In The Movies, 83,2020-08-18,data/img/poster-251.jpg
Le Week-End, 89,2020-08-07,data/img/poster-252.jpg
Sweet Bean (An), 85,2020-08-07,data/img/poster-253.jpg
House Of Hummingbird (Beolsae), 100,2020-08-04,data/img/poster-254.jpg
Out Stealing Horses (Ut Og StjÆLe Hester), 79,2020-08-07,data/img/poster-255.jpg
Around The Sun, 93,2020-08-04,data/img/poster-256.jpg
Promare, 97,2020-08-04,data/img/poster-257.jpg
Ride Your Wave, 93,2020-08-04,data/img/poster-258.jpg
Lake Michigan Monster, 84,2020-08-03,data/img/poster-259.jpg
Waiting For The Barbarians, 53,2020-08-07,data/img/poster-260.jpg
Red Penguins, 96,2020-08-04,data/img/poster-261.jpg
Calm With Horses (The Shadow Of Violence), 94,2020-07-31,data/img/poster-262.jpg
The Secret Garden, 67,2020-08-07,data/img/poster-263.jpg
The Secret: Dare To Dream, 27,2020-07-31,data/img/poster-264.jpg
Rebuilding Paradise, 92,2020-07-31,data/img/poster-265.jpg
A Thousand Cuts, 100,2020-08-07,data/img/poster-266.jpg
The Fight, 98,2020-07-31,data/img/poster-267.jpg
I Used To Go Here, 85,2020-08-07,data/img/poster-268.jpg
She Dies Tomorrow, 84,2020-08-07,data/img/poster-269.jpg
Skin Walker, 60,2020-08-04,data/img/poster-270.jpg
Made In Italy, 49,2020-08-07,data/img/poster-271.jpg
Tijuana Jackson: Purpose Over Prison, 67,2020-07-31,data/img/poster-272.jpg
The Big Ugly, 41,2020-07-31,data/img/poster-273.jpg
"Psychomagic, A Healing Art (Psychomagie, Un Art Pour GuÉRir)", 75,2020-08-07,data/img/poster-274.jpg
Paydirt, 22,2020-08-07,data/img/poster-275.jpg
SamSam, 20,2020-08-07,data/img/poster-276.jpg
The Tax Collector, 19,2020-08-07,data/img/poster-277.jpg
Nothing But The Blood, 0,2020-08-04,data/img/poster-278.jpg
Senior Love Triangle, 88,2020-08-04,data/img/poster-279.jpg
Deathstroke: Knights & Dragons, 80,2020-08-04,data/img/poster-280.jpg
What We Found, 56,2020-08-04,data/img/poster-281.jpg
Stars And Strife, 90,2020-08-04,data/img/poster-282.jpg
The American Nurse, 100,2020-07-28,data/img/poster-283.jpg
Game Of Death, 57,2020-07-14,data/img/poster-284.jpg
Retaliation (Romans), 80,2020-07-24,data/img/poster-285.jpg
Fisherman'S Friends, 66,2020-07-24,data/img/poster-286.jpg
The Sunlit Night, 35,2020-07-17,data/img/poster-287.jpg
Babysplitters, 69,2020-07-24,data/img/poster-288.jpg
"Yes, God, Yes", 94,2020-07-28,data/img/poster-289.jpg
Tito, 80,2020-07-10,data/img/poster-290.jpg
Samurai Marathon, 75,2020-07-21,data/img/poster-291.jpg
Carmilla, 71,2020-07-17,data/img/poster-292.jpg
Dead Dicks, 100,2020-07-28,data/img/poster-293.jpg
Guest Of Honour, 42,2020-07-10,data/img/poster-294.jpg
The Painted Bird, 82,2020-07-17,data/img/poster-295.jpg
Don'T Be Nice, 100,2020-07-21,data/img/poster-296.jpg
Dirt Music, 30,2020-07-17,data/img/poster-297.jpg
Gundala, 83,2020-07-28,data/img/poster-298.jpg
Blessed Child, 91,2020-07-17,data/img/poster-299.jpg
Amulet, 70,2020-07-24,data/img/poster-300.jpg
Enter The Fat Dragon, 64,2020-07-14,data/img/poster-301.jpg
Animation Outlaws, 100,2020-07-14,data/img/poster-302.jpg
Blood Vessel, 71,2020-07-21,data/img/poster-303.jpg
The Rental, 75,2020-07-24,data/img/poster-304.jpg
Most Wanted, 68,2020-07-24,data/img/poster-305.jpg
Legacy Of Lies, 86,2020-07-28,data/img/poster-306.jpg
Useless Humans, 40,2020-07-14,data/img/poster-307.jpg
Easy Does It, 29,2020-07-17,data/img/poster-308.jpg
A Nice Girl Like You, 11,2020-07-17,data/img/poster-309.jpg
The Silencing, 17,2020-07-16,data/img/poster-310.jpg
Showbiz Kids, 96,2020-07-14,data/img/poster-311.jpg
Deep Blue Sea 3, 71,2020-07-28,data/img/poster-312.jpg
Helmut Newton: The Bad And The Beautiful, 69,2020-07-24,data/img/poster-313.jpg
Host, 100,2020-07-30,data/img/poster-314.jpg
